Fund Name,P1,P2,P3,P4,P5,Topsis Score,Rank
M1,0.72,0.52,5.9,40.5,11.91,0.29778443844827596,8
M2,0.76,0.58,4.6,51.4,14.34,0.5551329470833614,4
M3,0.9,0.81,4.1,35.7,10.38,0.5638621870498836,2
M4,0.69,0.48,5.2,64.9,17.82,0.5582151712517511,3
M5,0.75,0.56,4.2,35.3,10.2,0.40840937231283153,5
M6,0.82,0.67,6.0,58.3,16.45,0.6152906610955917,1
M7,0.62,0.38,6.9,59.3,16.8,0.38995393471114803,6
M8,0.6,0.36,3.5,35.6,10.02,0.35107454490703777,7
